url,title,image,,rtp,raw_rtp_text,description,provider,iframe 
https://record.toponepartners.com/_76vnukNa58600xBPaxe9dWNd7ZgqdRLk/1/,Ally Aliens,https://slotsempire.com/build/assets/images/games/new/normal/ally-aliens.de63c1e1.png,,95.8,,"Get ready to embark on an interstellar journey like no other with Ally Aliens Slot by DiceLab at Red Dog Casino. Developed by an industry-leading provider, this game promises an out-of-this-world experience with its alien-themed adventure. With 5 reels and 25 paylines, Ally Aliens offers players numerous opportunities to explore and win big in the vast cosmos. 
So fasten your seatbelt, you're on for an outer space journey with Ally Aliens slot review.",Dicelab,https://gms.reddog-games.com/ally-aliens/index.html?user=0&oid=reddog&token=&timeZone=-4&language=en&lobby.url=https://reddog-games.com/&cashier.url=https://reddog-games.com/quickdeposit?playerToken=
https://record.toponepartners.com/_76vnukNa58600xBPaxe9dWNd7ZgqdRLk/1/,Cactus Goes Nuts,https://assets.slotslaunch.com/37844/cactus-goes-nuts.jpg,,96.46,,"Get ready to take a wild spin south of the border with Cactus Goes Nuts Slot by DiceLab at Red Dog Casino! This vibrant 5-reel slot game boasts 20 paylines and immerses a player in the heart of Mexico, where cactuses aren't just part of the scenery. They're the stars of the show! With sombreros, mariachis, and a fiesta of features, this game promises a desert dance of winnings. Dive into this colorful world and let the reels take you on a thrilling ride through the cactus country. Stay tuned for more in-depth info in this Cactus Goes Nuts slot review, and find out why this game's become one of the hottest things in the industry!",DiceLab,https://gms.reddog-games.com/cactus-goes-nuts/index.html?user=0&oid=reddog&token=&timeZone=-4&language=en&lobby.url=https://reddog-games.com/&cashier.url=https://reddog-games.com/quickdeposit?playerToken=
https://record.toponepartners.com/_76vnukNa58600xBPaxe9dWNd7ZgqdRLk/1/,Panther S Riches,https://encrypted-tbn0.gstatic.com/images?q=tbn:ANd9GcS10AUawPoY5sIbN4KgxQMm59LNhby_Uq2DmQ&s,,95.5,,"Panther’s Riches Slot is a sleek, jungle-themed game that immerses players in the mysterious world of the black panther and hidden treasures. To start playing, select your bet size and spin the reels, which feature symbols such as panthers, golden idols, exotic plants, and gemstones. Matching symbols along the active paylines trigger payouts, while wild symbols can substitute for other icons to help complete winning combinations. Scatter symbols often unlock bonus features or free spins, offering extra opportunities to win.",Dicelab,https://gms.reddog-games.com/panther-s-riches/index.html?user=0&oid=reddog&token=&timeZone=-4&language=en&lobby.url=https://reddog-games.com/&cashier.url=https://reddog-games.com/quickdeposit?playerToken=
https://record.toponepartners.com/_76vnukNa58600xBPaxe9dWNd7ZgqdRLk/1/,Popping Mania,https://slotsempire.com/build/assets/images/games/new/normal/popping-mania.97e3fcf1.png,,96.4,,"Get ready to step into a candy-coated adventure with Popping Mania Slot by Dicelab at Red Dog Casino. This bubbly and colorful slot game is packed with excitement, from vivid visuals to thrilling bonus features. Whether you're spinning for fun or aiming for a big win, this sugary treat has something for everyone. Offering players a mix of traditional slot mechanics and modern perks, this game brings lighthearted fun with every pop. Let’s explore what makes this title worth a spin!",DiceLab,https://gms.reddog-games.com/popping-mania/index.html?user=0&oid=reddog&token=&timeZone=-4&language=en&lobby.url=https://reddog-games.com/&cashier.url=https://reddog-games.com/quickdeposit?playerToken=
https://record.toponepartners.com/_76vnukNa58600xBPaxe9dWNd7ZgqdRLk/1/,"Gems, Win, Respin!",https://slotsempire.com/build/assets/images/games/new/normal/gems-win-respin.c859628a.png,,96,,"If you're searching for a dazzling and enchanting online slot game, look no further than Gems, Win, Respin! by DiceLab, available at Red Dog Casino now! Prepare to be captivated by the brilliance of precious gemstones as you embark on an exhilarating quest for riches. With its innovative gameplay mechanics, visually stunning design, and the potential for sparkling rewards, Gems, Win, Respin! stands out as a gemstone extravaganza in the world of online slots. Go through this Gems, Win, Respin! slot review to know the details. Claim incredible rewards with a low minimum funding and start playing!",DiceLab,https://gms.reddog-games.com/gems-win-respin/index.html?user=0&oid=reddog&token=&timeZone=-4&language=en&lobby.url=https://reddog-games.com/&cashier.url=https://reddog-games.com/quickdeposit?playerToken=
https://record.toponepartners.com/_76vnukNa58600xBPaxe9dWNd7ZgqdRLk/1/,Popping Mania,https://slotsempire.com/build/assets/images/games/new/normal/popping-mania.97e3fcf1.png,,96.4,,"Get ready to step into a candy-coated adventure with Popping Mania Slot by Dicelab at Red Dog Casino. This bubbly and colorful slot game is packed with excitement, from vivid visuals to thrilling bonus features. Whether you're spinning for fun or aiming for a big win, this sugary treat has something for everyone. Offering players a mix of traditional slot mechanics and modern perks, this game brings lighthearted fun with every pop. Let’s explore what makes this title worth a spin!",DiceLab,https://gms.reddog-games.com/popping-mania/index.html?user=0&oid=reddog&token=&timeZone=-4&language=en&lobby.url=https://reddog-games.com/&cashier.url=https://reddog-games.com/quickdeposit?playerToken=
https://record.toponepartners.com/_76vnukNa58600xBPaxe9dWNd7ZgqdRLk/1/,Cherry Sherry Lady,https://lasatlantis.com/build/assets/images/games/new/normal/cherry-sherry-lady.f2e08a04.png,,97.04,,"Cherry Sherry Lady by DiceLab is a vibrant fruit-themed slot that blends classic symbols with a retro-modern twist. Set against a glossy red background, the game evokes the charm of old-school slot machines with cherries, BARs, lucky sevens, and fizzy soda bottles. Its upbeat tone and nostalgic visuals aim to recreate the joyful simplicity of traditional slot halls while adding a fresh, colorful spin for today's players.",Dicelab,https://gms.lasatlantis.com/cherry-sherry-lady/index.html?user=0&oid=lasatlantis&token=&timeZone=-4&language=en&lobby.url=https://my.lasatlantis.com/&cashier.url=https://my.lasatlantis.com/quickdeposit
https://record.toponepartners.com/_76vnukNa58600xBPaxe9dWNd7ZgqdRLk/1/,Big Tuna Bonanza,https://encrypted-tbn0.gstatic.com/images?q=tbn:ANd9GcR_OIdby9QIJ-RkBprfss7_vLfJISvvMSd-7g&s,,97.2,,"Packed with colorful fish, cheerful characters, and rewarding free spins, this release blends simple gameplay with generous payouts. Players can experience it through the Big Tuna Bonanza demo or dive into Big Tuna Bonanza for real money play to reel in prizes of up to 5,000x their stake. This review will cover everything you need to know, from features to betting options, RTP, and more.",BGaming ,https://s3.eu-central-1.amazonaws.com/bg-other-interl/demo-interlayer.html?_target=%2Fplay%2FBigTunaBonanza%2FFUN%3Fdeposit_url%3Dhttps%253A%252F%252Freddogcasino.com%252Fmy-account%252Ffinances%252Fdeposit%253FplayerToken%253D%26locale%3Den%26return_url%3Dhttps%253A%252F%252Freddogcasino.com%252F%26server%3Dreddog
https://record.toponepartners.com/_76vnukNa58600xBPaxe9dWNd7ZgqdRLk/1/,Lady Lucky Gun,https://bgaming.com/wp-content/uploads/2025/08/68551fe15302e13ebebe5072_Lady_Lucky_Gun_2x_Lady_Lucky_Gun_2x1728-670-1024x397.webp,,96.13,,"Step into a smoky retro lounge and let the beat of the 90s groove set the scene for Lady Lucky Gun Slot by Bgaming at Red Dog Casino. This stylish, action-packed slot blends nostalgic design with powerful mechanics. Whether you’re trying the Lady Lucky Gun demo or spinning for real rewards, expect bold visuals and an intriguing spy-through-the-reels experience. The soundtrack pulses with old-school flair, while the crisp graphics keep your focus sharp and the stakes high.",Bgaming,https://s3.eu-central-1.amazonaws.com/bg-other-interl/demo-interlayer.html?_target=%2Fplay%2FLadyLuckyGun%2FFUN%3Fdeposit_url%3Dhttps%253A%252F%252Freddog-games.com%252Fmy-account%252Ffinances%252Fdeposit%253FplayerToken%253D%26locale%3Den%26return_url%3Dhttps%253A%252F%252Freddog-games.com%252F%26server%3Dreddog