title,,,rtp,,,,iframe 
Dragon Fortune Frenzy,,,97,,,,https://dglobby.com/game_launcher.php?session_id=&channel=desktop&full_site_code=dgstgvg&language=en&game_name=dragonfortunefrenzy&category=slots&amount_type=1&reality_check=60&gameName=dragonfortunefrenzy&deposit_url=&lobby_url=&username=
Kung Food Panda,,,97.3,,,,https://games-sp.dragongaming.com/game_launcher.php?username=dg1&session_id=bgm_adca9a4e8fc3433d9ab2368acb069e11&language=en&option=1&category=slots&full_site_code=MYBGMOP&channel=desktop&amount_type=4&reality_check=60&game_name=kungfoodpanda&lobby_url=https%3A%2F%2Fmy.lasatlantis.com%2F&deposit_url=https%3A%2F%2Fmy.lasatlantis.com%2Fmy-account%2Ffinances%2Fdeposit%3FplayerToken%3D
Kung Food Panda,,,97.3,,,,https://games-sp.dragongaming.com/game_launcher.php?username=dg1&session_id=bgm_adca9a4e8fc3433d9ab2368acb069e11&language=en&option=1&category=slots&full_site_code=MYBGMOP&channel=desktop&amount_type=4&reality_check=60&game_name=kungfoodpanda&lobby_url=https%3A%2F%2Fmy.lasatlantis.com%2F&deposit_url=https%3A%2F%2Fmy.lasatlantis.com%2Fmy-account%2Ffinances%2Fdeposit%3FplayerToken%3D
Billy The Wild,,,96.02,,,,https://gms.elroyalecasino.com/billy-the-wild/index.html?user=0&oid=elroyale&token=&timeZone=-4&language=en&lobby.url=https://my.elroyalecasino.com/&cashier.url=https://my.elroyalecasino.com/quickdeposit?playerToken=
Billy The Wild,,,96.02,,,,https://gms.elroyalecasino.com/billy-the-wild/index.html?user=0&oid=elroyale&token=&timeZone=-4&language=en&lobby.url=https://my.elroyalecasino.com/&cashier.url=https://my.elroyalecasino.com/quickdeposit?playerToken=
Money Express,,,96.2,,,,https://gms.elroyalecasino.com/money-express-92/index.html?user=0&oid=elroyale&token=&timeZone=-4&language=en&lobby.url=https://my.elroyalecasino.com/&cashier.url=https://my.elroyalecasino.com/quickdeposit?playerToken=
Cherry Sherry Lady,,,97.04,,,,https://gms.lasatlantis.com/cherry-sherry-lady/index.html?user=0&oid=lasatlantis&token=&timeZone=-4&language=en&lobby.url=https://my.lasatlantis.com/&cashier.url=https://my.lasatlantis.com/quickdeposit
Cherry Sherry Lady,,,97.04,,,,https://gms.lasatlantis.com/cherry-sherry-lady/index.html?user=0&oid=lasatlantis&token=&timeZone=-4&language=en&lobby.url=https://my.lasatlantis.com/&cashier.url=https://my.lasatlantis.com/quickdeposit
Classic Hit,,,97,,,,https://gms.lasatlantis.com/classic-hit/index.html?user=0&oid=lasatlantis&token=&timeZone=-4&language=en&lobby.url=https://my.lasatlantis.com/&cashier.url=https://my.lasatlantis.com/quickdeposit
Miner Secrets,,,96.7,,,,https://gms.lasatlantis.com/miner-secrets/index.html?user=0&oid=lasatlantis&token=&timeZone=-4&language=en&lobby.url=https://my.lasatlantis.com/&cashier.url=https://my.lasatlantis.com/quickdeposit
1000 Winning Nights,,,96.7,,,,https://gms.lasatlantis.com/onek-winning-nights/index.html?user=0&oid=lasatlantis&token=&timeZone=-4&language=en&lobby.url=https://my.lasatlantis.com/&cashier.url=https://my.lasatlantis.com/quickdeposit
Sunburst: Shooting Wilds,,,97.6,,,,https://gms.lasatlantis.com/sunburst-shooting-wilds/index.html?user=0&oid=lasatlantis&token=&timeZone=-4&language=en&lobby.url=https://my.lasatlantis.com/&cashier.url=https://my.lasatlantis.com/quickdeposit
Ally Aliens,,,95.8,,,,https://gms.reddog-games.com/ally-aliens/index.html?user=0&oid=reddog&token=&timeZone=-4&language=en&lobby.url=https://reddog-games.com/&cashier.url=https://reddog-games.com/quickdeposit?playerToken=
Cactus Goes Nuts,,,96.46,,,,https://gms.reddog-games.com/cactus-goes-nuts/index.html?user=0&oid=reddog&token=&timeZone=-4&language=en&lobby.url=https://reddog-games.com/&cashier.url=https://reddog-games.com/quickdeposit?playerToken=
"Gems, Win, Respin!",,,96,,,,https://gms.reddog-games.com/gems-win-respin/index.html?user=0&oid=reddog&token=&timeZone=-4&language=en&lobby.url=https://reddog-games.com/&cashier.url=https://reddog-games.com/quickdeposit?playerToken=
Panther S Riches,,,95.5,,,,https://gms.reddog-games.com/panther-s-riches/index.html?user=0&oid=reddog&token=&timeZone=-4&language=en&lobby.url=https://reddog-games.com/&cashier.url=https://reddog-games.com/quickdeposit?playerToken=
Panther S Riches,,,95.5,,,,https://gms.reddog-games.com/panther-s-riches/index.html?user=0&oid=reddog&token=&timeZone=-4&language=en&lobby.url=https://reddog-games.com/&cashier.url=https://reddog-games.com/quickdeposit?playerToken=
Popping Mania,,,96.4,,,,https://gms.reddog-games.com/popping-mania/index.html?user=0&oid=reddog&token=&timeZone=-4&language=en&lobby.url=https://reddog-games.com/&cashier.url=https://reddog-games.com/quickdeposit?playerToken=
Popping Mania,,,96.4,,,,https://gms.reddog-games.com/popping-mania/index.html?user=0&oid=reddog&token=&timeZone=-4&language=en&lobby.url=https://reddog-games.com/&cashier.url=https://reddog-games.com/quickdeposit?playerToken=
El Dorado,,,96,,,,https://gms.slotsempire.com/el-dorado/index.html?user=0&oid=slotsempire&token=&timeZone=-4&language=en&lobby.url=https://my.slotsempire.com/&cashier.url=https://my.slotsempire.com/my-account/finances/deposit?playerToken=
El Dorado,,,96,,,,https://gms.slotsempire.com/el-dorado/index.html?user=0&oid=slotsempire&token=&timeZone=-4&language=en&lobby.url=https://my.slotsempire.com/&cashier.url=https://my.slotsempire.com/my-account/finances/deposit?playerToken=
Indiana The Power Stone,,,96.5,,,,https://gms.slotsempire.com/indiana-the-power-stone/index.html?user=0&oid=slotsempire&token=&timeZone=-4&language=en&lobby.url=https://my.slotsempire.com/&cashier.url=https://my.slotsempire.com/my-account/finances/deposit?playerToken=
Koi Fish Future,,,96.45,,,,https://gms.slotsempire.com/koi-fish-fortune/index.html?user=0&oid=slotsempire&token=&timeZone=-4&language=en&lobby.url=https://my.slotsempire.com/&cashier.url=https://my.slotsempire.com/my-account/finances/deposit?playerToken=
Moneyball,,,96.5,,,,https://gms.slotsempire.com/moneyball/index.html?user=0&oid=slotsempire&token=&timeZone=-4&language=en&lobby.url=https://my.slotsempire.com/&cashier.url=https://my.slotsempire.com/my-account/finances/deposit?playerToken=
Gold West,,,96.8,,,,https://lobbyeur.sgplayfun.com/touch/sgnew/?game=S-GW03&menumode=off
Big Tuna Bonanza,,,97.2,,,,https://s3.eu-central-1.amazonaws.com/bg-other-interl/demo-interlayer.html?_target=%2Fplay%2FBigTunaBonanza%2FFUN%3Fdeposit_url%3Dhttps%253A%252F%252Freddogcasino.com%252Fmy-account%252Ffinances%252Fdeposit%253FplayerToken%253D%26locale%3Den%26return_url%3Dhttps%253A%252F%252Freddogcasino.com%252F%26server%3Dreddog
Big Tuna Bonanza,,,97.2,,,,https://s3.eu-central-1.amazonaws.com/bg-other-interl/demo-interlayer.html?_target=%2Fplay%2FBigTunaBonanza%2FFUN%3Fdeposit_url%3Dhttps%253A%252F%252Freddogcasino.com%252Fmy-account%252Ffinances%252Fdeposit%253FplayerToken%253D%26locale%3Den%26return_url%3Dhttps%253A%252F%252Freddogcasino.com%252F%26server%3Dreddog
Chicken Rush,,,97,,,,https://s3.eu-central-1.amazonaws.com/bg-other-interl/demo-interlayer.html?_target=%2Fplay%2FChickenRush%2FFUN%3Fdeposit_url%3Dhttps%253A%252F%252Fmy.elroyalecasino.com%252Fmy-account%252Ffinances%252Fdeposit%253FplayerToken%253D%26locale%3Den%26return_url%3Dhttps%253A%252F%252Fmy.elroyalecasino.com%252F%26server%3Delroyale
Fortuna TRUEWAYS,,,97.07,,,,https://s3.eu-central-1.amazonaws.com/bg-other-interl/demo-interlayer.html?_target=%2Fplay%2FFortunaTrueways%2FFUN%3Fdeposit_url%3Dhttps%253A%252F%252Fmy.elroyalecasino.com%252Fmy-account%252Ffinances%252Fdeposit%253FplayerToken%253D%26locale%3Den%26return_url%3Dhttps%253A%252F%252Fmy.elroyalecasino.com%252F%26server%3Delroyale
Haunted Reels,,,97,,,,https://s3.eu-central-1.amazonaws.com/bg-other-interl/demo-interlayer.html?_target=%2Fplay%2FHauntedReels%2FFUN%3Fdeposit_url%3Dhttps%253A%252F%252Fmy.lasatlantis.com%252Fmy-account%252Ffinances%252Fdeposit%253FplayerToken%253D%26locale%3Den%26return_url%3Dhttps%253A%252F%252Fmy.lasatlantis.com%252F%26server%3Dlasatlantis
Lady Lucky Gun,,,96.13,,,,https://s3.eu-central-1.amazonaws.com/bg-other-interl/demo-interlayer.html?_target=%2Fplay%2FLadyLuckyGun%2FFUN%3Fdeposit_url%3Dhttps%253A%252F%252Freddog-games.com%252Fmy-account%252Ffinances%252Fdeposit%253FplayerToken%253D%26locale%3Den%26return_url%3Dhttps%253A%252F%252Freddog-games.com%252F%26server%3Dreddog
Oof The Goldmine Planet,,,97,,,,https://s3.eu-central-1.amazonaws.com/bg-other-interl/demo-interlayer.html?_target=%2Fplay%2FOof%2FFUN%3Fdeposit_url%3Dhttps%253A%252F%252Fmy.elroyalecasino.com%252Fmy-account%252Ffinances%252Fdeposit%253FplayerToken%253D%26locale%3Den%26return_url%3Dhttps%253A%252F%252Fmy.elroyalecasino.com%252F%26server%3Delroyale
Panda Luck,,,97,,,,https://s3.eu-central-1.amazonaws.com/bg-other-interl/demo-interlayer.html?_target=%2Fplay%2FPandaLuck%2FFUN%3Fdeposit_url%3Dhttps%253A%252F%252Fmy.elroyalecasino.com%252Fmy-account%252Ffinances%252Fdeposit%253FplayerToken%253D%26locale%3Den%26return_url%3Dhttps%253A%252F%252Fmy.elroyalecasino.com%252F%26server%3Delroyale
Rotating Element,,,97.2,,,,https://s3.eu-central-1.amazonaws.com/bg-other-interl/demo-interlayer.html?_target=%2Fplay%2FRotatingElement%2FFUN%3Fdeposit_url%3Dhttps%253A%252F%252Fmy.lasatlantis.com%252Fmy-account%252Ffinances%252Fdeposit%253FplayerToken%253D%26locale%3Den%26return_url%3Dhttps%253A%252F%252Fmy.lasatlantis.com%252F%26server%3Dlasatlantis
Royal Fruits MultiLines,,,97.16,,,,https://s3.eu-central-1.amazonaws.com/bg-other-interl/demo-interlayer.html?_target=%2Fplay%2FRoyalFruitsMultiLines%2FFUN%3Fdeposit_url%3Dhttps%253A%252F%252Fmy.elroyalecasino.com%252Fmy-account%252Ffinances%252Fdeposit%253FplayerToken%253D%26locale%3Den%26return_url%3Dhttps%253A%252F%252Fmy.elroyalecasino.com%252F%26server%3Delroyale
Voodoo People,,,96.9,,,,https://s3.eu-central-1.amazonaws.com/bg-other-interl/demo-interlayer.html?_target=%2Fplay%2FVoodooPeople%2FFUN%3Fdeposit_url%3Dhttps%253A%252F%252Fmy.elroyalecasino.com%252Fmy-account%252Ffinances%252Fdeposit%253FplayerToken%253D%26locale%3Den%26return_url%3Dhttps%253A%252F%252Fmy.elroyalecasino.com%252F%26server%3Delroyale